fist1.jpg,0 
fist2.jpg,0 
fist3.jpg,0 
fist4.jpg,0 
fist5.jpg,0 
fist6.jpg,0 
fist7.jpg,0 
fist8.jpg,0 
fist9.jpg,0 
fist10.jpg,0 
fist11.jpg,0 
fist12.jpg,0 
fist13.jpg,0 
fist14.jpg,0 
fist15.jpg,0 
fist16.jpg,0 
fist17.jpg,0 
fist18.jpg,0 
fist19.jpg,0 
fist20.jpg,0 
fist21.jpg,0 
fist22.jpg,0 
fist23.jpg,0 
fist24.jpg,0 
fist25.jpg,0 
fist26.jpg,0 
fist27.jpg,0 
fist28.jpg,0 
fist29.jpg,0 
fist30.jpg,0 
fist31.jpg,0 
fist32.jpg,0 
fist33.jpg,0 
fist34.jpg,0 
fist35.jpg,0 
fist36.jpg,0 
fist37.jpg,0 
fist38.jpg,0 
fist39.jpg,0 
fist40.jpg,0 
fist41.jpg,0 
fist42.jpg,0 
fist43.jpg,0 
fist44.jpg,0 
fist45.jpg,0 
fist46.jpg,0 
fist47.jpg,0 
fist48.jpg,0 
fist49.jpg,0 
fist50.jpg,0 
fist51.jpg,0 
fist52.jpg,0 
fist53.jpg,0 
fist54.jpg,0 
fist55.jpg,0 
fist56.jpg,0 
fist57.jpg,0 
fist58.jpg,0 
fist59.jpg,0 
fist60.jpg,0 
fist61.jpg,0 
fist62.jpg,0 
fist63.jpg,0 
fist64.jpg,0 
fist65.jpg,0 
fist66.jpg,0 
fist67.jpg,0 
fist68.jpg,0 
fist69.jpg,0 
fist70.jpg,0 
fist71.jpg,0 
fist72.jpg,0 
fist73.jpg,0 
fist74.jpg,0 
fist75.jpg,0 
fist76.jpg,0 
fist77.jpg,0 
fist78.jpg,0 
fist79.jpg,0 
fist80.jpg,0 
fist81.jpg,0 
fist82.jpg,0 
fist83.jpg,0 
fist84.jpg,0 
fist85.jpg,0 
fist86.jpg,0 
fist87.jpg,0 
fist88.jpg,0 
fist89.jpg,0 
fist90.jpg,0 
fist91.jpg,0 
fist92.jpg,0 
fist93.jpg,0 
fist94.jpg,0 
fist95.jpg,0 
fist96.jpg,0 
fist97.jpg,0 
fist98.jpg,0 
fist99.jpg,0 
fist100.jpg,0 
fist101.jpg,0 
fist102.jpg,0 
fist103.jpg,0 
fist104.jpg,0 
fist105.jpg,0 
fist106.jpg,0 
fist107.jpg,0 
fist108.jpg,0 
fist109.jpg,0 
fist110.jpg,0 
fist111.jpg,0 
fist112.jpg,0 
fist113.jpg,0 
fist114.jpg,0 
palm115.jpg,1 
palm116.jpg,1 
palm117.jpg,1 
palm118.jpg,1 
palm119.jpg,1 
palm120.jpg,1 
palm121.jpg,1 
palm122.jpg,1 
palm123.jpg,1 
palm124.jpg,1 
palm125.jpg,1 
palm126.jpg,1 
palm127.jpg,1 
palm128.jpg,1 
palm129.jpg,1 
palm130.jpg,1 
palm131.jpg,1 
palm132.jpg,1 
palm133.jpg,1 
palm134.jpg,1 
palm135.jpg,1 
palm136.jpg,1 
palm137.jpg,1 
palm138.jpg,1 
palm139.jpg,1 
palm140.jpg,1 
palm141.jpg,1 
palm142.jpg,1 
palm143.jpg,1 
palm144.jpg,1 
palm145.jpg,1 
palm146.jpg,1 
palm147.jpg,1 
palm148.jpg,1 
palm149.jpg,1 
palm150.jpg,1 
palm151.jpg,1 
palm152.jpg,1 
palm153.jpg,1 
palm154.jpg,1 
palm155.jpg,1 
palm156.jpg,1 
palm157.jpg,1 
palm158.jpg,1 
palm159.jpg,1 
palm160.jpg,1 
palm161.jpg,1 
palm162.jpg,1 
palm163.jpg,1 
palm164.jpg,1 
palm165.jpg,1 
palm166.jpg,1 
palm167.jpg,1 
palm168.jpg,1 
palm169.jpg,1 
palm170.jpg,1 
palm171.jpg,1 
palm172.jpg,1 
palm173.jpg,1 
palm174.jpg,1 
palm175.jpg,1 
palm176.jpg,1 
palm177.jpg,1 
palm178.jpg,1 
palm179.jpg,1 
palm180.jpg,1 
thumb181.jpg,2 
thumb182.jpg,2 
thumb183.jpg,2 
thumb184.jpg,2 
thumb185.jpg,2 
thumb186.jpg,2 
thumb187.jpg,2 
thumb188.jpg,2 
thumb189.jpg,2 
thumb190.jpg,2 
thumb191.jpg,2 
thumb192.jpg,2 
thumb193.jpg,2 
thumb194.jpg,2 
thumb195.jpg,2 
thumb196.jpg,2 
thumb197.jpg,2 
thumb198.jpg,2 
thumb199.jpg,2 
thumb200.jpg,2 
thumb201.jpg,2 
thumb202.jpg,2 
thumb203.jpg,2 
thumb204.jpg,2 
thumb205.jpg,2 
thumb206.jpg,2 
thumb207.jpg,2 
thumb208.jpg,2 
thumb209.jpg,2 
thumb210.jpg,2 
thumb211.jpg,2 
thumb212.jpg,2 
thumb213.jpg,2 
thumb214.jpg,2 
thumb215.jpg,2 
thumb216.jpg,2 
thumb217.jpg,2 
thumb218.jpg,2 
thumb219.jpg,2 
thumb220.jpg,2 
thumb221.jpg,2 
thumb222.jpg,2 
thumb223.jpg,2 
thumb224.jpg,2 
thumb225.jpg,2 
thumb226.jpg,2 
thumb227.jpg,2 
thumb228.jpg,2 
thumb229.jpg,2 
thumb230.jpg,2 
thumb231.jpg,2 
thumb232.jpg,2 
thumb233.jpg,2 
thumb234.jpg,2 
thumb235.jpg,2 
thumb236.jpg,2 
thumb237.jpg,2 
thumb238.jpg,2 
thumb239.jpg,2 
thumb240.jpg,2 
thumb241.jpg,2 
thumb242.jpg,2 
thumb243.jpg,2 
thumb244.jpg,2 
thumb245.jpg,2 
thumb246.jpg,2 
thumb247.jpg,2 
thumb248.jpg,2 
thumb249.jpg,2 
